alpha,mu,alpha_s,G,G_F,coherence,fertility
0.005853931748143278,1668.5193007691005,0.1406426014448463,3.2588415024409143e-10,1.0922597265114514e-05,0.06537552438161429,0.0
0.00588059198669943,1726.887165960422,0.10465014996670573,1.2621884627845306e-10,1.3559198542991428e-05,0.06459713730601388,0.0016041782207620913
0.00583935455408327,2111.354218298499,0.11850802021512323,2.905942514148218e-10,1.397290082691463e-05,0.05848936417071323,0.001927196119921714
0.0058761106551509165,1847.4512316469682,0.13246410720927987,1.8365162955573324e-10,9.547805044296824e-06,0.05603225816008227,0.005194860920429069
0.005857397510289379,1702.5255575891006,0.10149198662376166,1.6811161558708098e-10,1.2859303026625461e-05,0.0532322917856564,0.00929216089701746
0.005860735402673314,1754.3243948297734,0.12132061842761063,2.4822737541963976e-10,1.1596445229341522e-05,0.051288797906454416,0.05166512300543528
